customer_id,ordernumber,product,order date
3326561,10107,Motorcyles,11/16/2022
3465563,10121,Vintage Cars,7/28/2022
3481693,10134,Vintage Cars,12/7/2022
4338669,10145,Classic Cars,12/3/2022
4894269,10159,Motorcyles,11/4/2022
4991801,10168,Motorcyles,12/15/2022
5284709,10180,Motorcyles,12/17/2022
5474256,10145,Classic Cars,12/14/2022
5762331,10159,Vintage Cars,12/9/2022
5899048,10169,Vintage Cars,12/4/2022
6074796,10180,Classic Cars,12/9/2022
6238003,10189,Motorcyles,12/16/2022
6265486,10201,Motorcyles,11/25/2022
6566652,10211,Classic Cars,11/30/2022
7178457,10224,Classic Cars,12/14/2022
7214232,10237,Classic Cars,12/14/2022
7388971,10251,Vintage Cars,11/20/2022
7514837,10263,Classic Cars,12/9/2022
8077822,10276,Classic Cars,11/28/2022
8148470,10285,Motorcyles,12/4/2022
8278687,10299,Classic Cars,12/7/2022
8331918,10309,Motorcyles,12/18/2022
8423932,10319,Vintage Cars,12/12/2022
8538308,10329,Classic Cars,12/3/2022
8596314,10341,Motorcyles,12/17/2022
57628625,10381,Vintage Cars,1/4/2022
38504649,10426,Motorcyles,1/13/2022
74761530,10473,Vintage Cars,1/20/2022
54116836,10508,Motorcyles,1/25/2022
11591673,10555,Motorcyles,1/29/2022
20064707,10605,Classic Cars,1/30/2022
48692558,10641,Vintage Cars,1/31/2022
37312907,10686,Vintage Cars,2/13/2022
58700591,10730,Classic Cars,2/13/2022
75108377,10774,Vintage Cars,2/13/2022
68574980,10804,Vintage Cars,2/27/2022
50906447,10849,Vintage Cars,2/28/2022
40928047,10888,Classic Cars,3/2/2022
81608269,10938,Motorcyles,3/3/2022
38734360,10980,Motorcyles,3/7/2022
24600331,11012,Vintage Cars,3/9/2022
52450705,11056,Motorcyles,3/10/2022
35645966,11088,Vintage Cars,3/28/2022
46755323,11123,Motorcyles,4/1/2022
29997714,11160,Classic Cars,4/2/2022
7886973,11205,Classic Cars,4/3/2022
46999900,11244,Motorcyles,4/5/2022
52177252,11294,Classic Cars,4/6/2022
74529642,11337,Motorcyles,4/7/2022
99268523,11370,Motorcyles,4/11/2022
20424848,11414,Motorcyles,4/21/2022
91588310,11456,Vintage Cars,4/23/2022
58509701,11491,Motorcyles,4/25/2022
64643633,11528,Motorcyles,4/26/2022
91913367,11572,Motorcyles,5/3/2022
63781605,11617,Motorcyles,5/4/2022
86977340,11651,Classic Cars,5/8/2022
86883326,11692,Classic Cars,5/15/2022
31181474,11724,Vintage Cars,5/17/2022
35356999,11771,Motorcyles,5/22/2022
52028549,11813,Vintage Cars,5/26/2022
38070089,11844,Motorcyles,6/2/2022
42832411,11882,Motorcyles,6/15/2022
21704536,11919,Classic Cars,6/17/2022
97771881,11969,Classic Cars,6/19/2022
39278176,12007,Classic Cars,6/22/2022
55723501,12047,Vintage Cars,6/29/2022
28707389,12078,Classic Cars,7/12/2022
44538032,12115,Classic Cars,7/12/2022
59568787,12155,Classic Cars,7/13/2022
44808359,12204,Motorcyles,7/21/2022
96792037,12240,Classic Cars,7/23/2022
63263033,12272,Motorcyles,7/24/2022
92397237,12313,Vintage Cars,7/30/2022
3253708,12363,Vintage Cars,7/31/2022
3465563,12408,Motorcyles,8/4/2022
54979706,12454,Vintage Cars,8/5/2022
43847352,12496,Classic Cars,8/9/2022
76480995,12535,Classic Cars,8/14/2022
77513500,12580,Vintage Cars,8/21/2022
60685788,12618,Classic Cars,8/24/2022
66249371,12663,Motorcyles,9/1/2022
59173653,12707,Vintage Cars,9/5/2022
68534924,12746,Motorcyles,9/6/2022
98680953,12776,Motorcyles,9/8/2022
10474133,12814,Vintage Cars,9/14/2022
11568737,12858,Vintage Cars,9/14/2022
31535346,12900,Classic Cars,9/15/2022
83045586,12932,Motorcyles,9/21/2022
66440913,12979,Motorcyles,9/23/2022
30681688,13010,Motorcyles,9/25/2022
79225289,13057,Classic Cars,9/29/2022
58294056,13091,Classic Cars,10/5/2022
51610203,13137,Vintage Cars,10/6/2022
13152146,13181,Classic Cars,10/9/2022
78092571,13225,Vintage Cars,10/14/2022
36895125,13265,Classic Cars,10/17/2022
41142525,13296,Classic Cars,10/17/2022
93286037,13342,Classic Cars,10/18/2022
82022668,13382,Motorcyles,10/19/2022
67189802,13421,Motorcyles,10/22/2022
91421629,13461,Classic Cars,10/24/2022
26713953,13499,Vintage Cars,11/1/2022
73503339,13548,Motorcyles,11/7/2022
29117696,13594,Vintage Cars,11/9/2022
29258170,13627,Motorcyles,11/10/2022
4894269,13677,Classic Cars,11/11/2022
49891291,13716,Motorcyles,11/15/2022
74732953,13764,Vintage Cars,11/15/2022
33368405,13812,Classic Cars,11/17/2022
12310020,13851,Motorcyles,11/20/2022
3326561,13895,Classic Cars,11/23/2022
62287632,13937,Motorcyles,11/23/2022
7388971,13987,Motorcyles,11/27/2022
12723236,14025,Vintage Cars,11/27/2022
13870279,14063,Vintage Cars,11/28/2022
6265486,14093,Classic Cars,12/2/2022
65775068,14124,Classic Cars,12/3/2022
96303905,14170,Classic Cars,12/4/2022
8077822,14217,Motorcyles,12/5/2022
6566652,14253,Classic Cars,12/7/2022
4338669,14302,Vintage Cars,12/10/2022
8538308,14341,Motorcyles,12/10/2022
5899048,14390,Motorcyles,12/11/2022
8148470,14431,Classic Cars,12/11/2022
38875363,14466,Motorcyles,12/13/2022
3481693,14496,Motorcyles,12/14/2022
8278687,14529,Vintage Cars,12/14/2022
5762331,14570,Motorcyles,12/16/2022
6074796,14605,Motorcyles,12/16/2022
7514837,14652,Motorcyles,12/16/2022
48951646,14689,Motorcyles,12/17/2022
59411609,14738,Vintage Cars,12/17/2022
8423932,14782,Motorcyles,12/19/2022
5474256,14832,Classic Cars,12/21/2022
7178457,14876,Classic Cars,12/21/2022
7214232,14911,Motorcyles,12/21/2022
4991801,14957,Motorcyles,12/22/2022
6238003,14991,Classic Cars,12/23/2022
5284709,15024,Classic Cars,12/24/2022
8596314,15057,Classic Cars,12/24/2022
8331918,15103,Vintage Cars,12/25/2022
19125185,15163,Vintage Cars,1/30/2022
13600262,15213,Classic Cars,2/13/2022
9741891,15269,Vintage Cars,3/16/2022
5355491,15328,Vintage Cars,3/17/2022
5439169,15388,Vintage Cars,3/21/2022
17934139,15440,Classic Cars,3/29/2022
18360992,15493,Motorcyles,4/4/2022
7697409,15544,Classic Cars,4/5/2022
5416051,15604,Classic Cars,4/6/2022
10282319,15656,Vintage Cars,4/22/2022
10906524,15712,Motorcyles,4/23/2022
3544445,15769,Vintage Cars,4/29/2022
9326016,15827,Vintage Cars,5/2/2022
10915963,15886,Classic Cars,5/3/2022
13730451,15943,Classic Cars,5/3/2022
12139515,15994,Classic Cars,5/4/2022
8849554,16049,Classic Cars,5/5/2022
60312265,16104,Vintage Cars,5/9/2022
3930638,16154,Classic Cars,5/10/2022
15323778,16212,Vintage Cars,5/13/2022
17268930,16264,Motorcyles,5/15/2022
9229430,16320,Classic Cars,5/17/2022
12286164,16370,Motorcyles,5/17/2022
15385298,16430,Classic Cars,5/17/2022
17498152,16481,Vintage Cars,5/18/2022
11405147,16532,Classic Cars,5/19/2022
4715284,16585,Vintage Cars,5/21/2022
5068031,16639,Vintage Cars,5/21/2022
16797086,16696,Motorcyles,5/21/2022
1255248,16751,Classic Cars,5/23/2022
12418265,16805,Vintage Cars,5/24/2022
13310217,16864,Vintage Cars,5/24/2022
19679425,16924,Motorcyles,5/25/2022
8822814,16975,Motorcyles,5/26/2022
7844900,17026,Classic Cars,5/27/2022
12033470,17076,Vintage Cars,5/27/2022
1972214,17132,Classic Cars,5/28/2022
4679983,17190,Motorcyles,5/29/2022
1460923,17250,Motorcyles,5/30/2022
4154826,17301,Classic Cars,5/31/2022
11245817,17352,Motorcyles,5/31/2022
12374066,17407,Vintage Cars,5/31/2022
4067714,17464,Vintage Cars,6/2/2022
15193771,17519,Vintage Cars,6/2/2022
5496099,17569,Vintage Cars,6/3/2022
7959702,17619,Classic Cars,6/3/2022
5639374,17676,Vintage Cars,6/4/2022
7799425,17731,Motorcyles,6/4/2022
8950367,17784,Classic Cars,6/4/2022
4220576,17836,Motorcyles,6/6/2022
13004067,17888,Motorcyles,6/6/2022
1828552,17941,Vintage Cars,6/7/2022
5375557,17996,Motorcyles,6/7/2022
10857429,18047,Classic Cars,6/7/2022
3372395,18107,Classic Cars,6/8/2022
5333182,18158,Classic Cars,6/8/2022
13041763,18211,Classic Cars,6/8/2022
2449304,18264,Classic Cars,6/9/2022
3621338,18319,Motorcyles,6/10/2022
16051801,18369,Vintage Cars,6/10/2022
8474936,18423,Motorcyles,6/11/2022
17937363,18478,Motorcyles,6/12/2022
7449687,18535,Vintage Cars,6/13/2022
16966715,18585,Motorcyles,6/13/2022
19445451,18641,Classic Cars,6/13/2022
3391867,18693,Vintage Cars,6/15/2022
5046339,18746,Vintage Cars,6/15/2022
13855962,18796,Classic Cars,6/17/2022
5079860,18852,Vintage Cars,6/18/2022
5279080,18912,Vintage Cars,6/18/2022
5381434,18966,Vintage Cars,6/18/2022
11535174,19019,Motorcyles,6/18/2022
3992427,19078,Classic Cars,6/19/2022
5445035,19133,Vintage Cars,6/19/2022
19696784,19184,Vintage Cars,6/20/2022
6104519,19236,Classic Cars,6/21/2022
17601721,19296,Vintage Cars,6/21/2022
3457518,19349,Classic Cars,6/22/2022
8027119,19400,Classic Cars,6/22/2022
2942073,19452,Classic Cars,6/23/2022
2192953,19511,Vintage Cars,6/24/2022
6318810,19566,Vintage Cars,6/24/2022
16519908,19625,Motorcyles,6/25/2022
8835225,19680,Classic Cars,6/26/2022
15895070,19736,Motorcyles,6/27/2022
4454567,19796,Motorcyles,6/28/2022
11633356,19847,Motorcyles,6/28/2022
15409995,19907,Vintage Cars,6/28/2022
3572204,19965,Vintage Cars,6/30/2022
14907556,20025,Classic Cars,7/1/2022
16508738,20078,Motorcyles,7/1/2022
19199812,20131,Vintage Cars,7/1/2022
7262036,20183,Motorcyles,7/2/2022
14735465,20243,Motorcyles,7/2/2022
13008287,20298,Motorcyles,7/3/2022
5210369,20352,Vintage Cars,7/4/2022
5681963,20408,Motorcyles,7/4/2022
16808367,20466,Motorcyles,7/4/2022
2927389,20519,Motorcyles,7/5/2022
9358735,20569,Classic Cars,7/5/2022
12794783,20619,Classic Cars,7/5/2022
61757584,20676,Vintage Cars,7/5/2022
67754546,20727,Vintage Cars,7/5/2022
4737924,20787,Motorcyles,7/6/2022
18217906,20846,Classic Cars,7/6/2022
18818871,20900,Motorcyles,7/6/2022
1977128,20957,Classic Cars,7/7/2022
2468128,21012,Vintage Cars,7/7/2022
5496003,21068,Motorcyles,7/7/2022
11734169,21121,Motorcyles,7/7/2022
17605786,21177,Motorcyles,7/7/2022
1887691,21236,Motorcyles,7/8/2022
4002239,21294,Vintage Cars,7/8/2022
5288739,21352,Motorcyles,7/8/2022
5020289,21411,Classic Cars,7/9/2022
5168900,21464,Motorcyles,7/9/2022
7676233,21516,Vintage Cars,7/9/2022
5486855,21575,Classic Cars,7/11/2022
5487858,21626,Vintage Cars,7/11/2022
5518269,21682,Vintage Cars,7/11/2022
6255798,21738,Motorcyles,7/12/2022
8750679,21788,Vintage Cars,7/12/2022
15838402,21842,Vintage Cars,7/12/2022
4831031,21892,Classic Cars,7/13/2022
16608771,21952,Motorcyles,7/13/2022
5373107,22006,Vintage Cars,7/14/2022
930720,22061,Vintage Cars,7/15/2022
1611580,22120,Classic Cars,7/15/2022
5307580,22179,Vintage Cars,7/15/2022
19740185,22239,Motorcyles,7/15/2022
1744421,22290,Motorcyles,7/17/2022
654632,22348,Motorcyles,7/18/2022
1661316,22401,Motorcyles,7/18/2022
11181673,22456,Classic Cars,7/18/2022
15551610,22509,Motorcyles,7/18/2022
15869082,22563,Classic Cars,7/18/2022
18705453,22622,Classic Cars,7/18/2022
996787,22678,Motorcyles,7/19/2022
7058098,22729,Vintage Cars,7/19/2022
16467877,22783,Motorcyles,7/19/2022
5149327,22841,Motorcyles,7/20/2022
6345267,22900,Motorcyles,7/20/2022
18229995,22950,Motorcyles,7/21/2022
18392026,23009,Vintage Cars,7/21/2022
1299423,23060,Vintage Cars,7/22/2022
1986821,23114,Motorcyles,7/22/2022
8504122,23167,Motorcyles,7/22/2022
14932320,23221,Classic Cars,7/22/2022
15461376,23275,Motorcyles,7/22/2022
1538570,23331,Motorcyles,7/23/2022
3872622,23386,Classic Cars,7/23/2022
6489007,23439,Motorcyles,7/23/2022
6622695,23494,Motorcyles,7/23/2022
9677752,23545,Motorcyles,7/23/2022
1898700,23604,Vintage Cars,7/24/2022
1908584,23657,Classic Cars,7/24/2022
5231555,23711,Vintage Cars,7/24/2022
12646695,23762,Motorcyles,7/24/2022
6848504,23812,Vintage Cars,7/25/2022
13232586,23870,Motorcyles,7/25/2022
3475531,23923,Motorcyles,7/26/2022
5183582,23982,Vintage Cars,7/26/2022
14547904,24036,Vintage Cars,7/27/2022
4445238,24094,Motorcyles,7/28/2022
7738019,24145,Motorcyles,7/28/2022
9784421,24195,Motorcyles,7/28/2022
12634104,24253,Vintage Cars,7/28/2022
12833281,24307,Vintage Cars,7/28/2022
1162361,24358,Classic Cars,7/29/2022
2102777,24415,Vintage Cars,7/29/2022
2638167,24472,Vintage Cars,7/29/2022
3378412,24524,Vintage Cars,7/29/2022
9100752,24580,Classic Cars,7/29/2022
13302553,24636,Vintage Cars,7/29/2022
15014922,24691,Classic Cars,7/29/2022
19440968,24751,Vintage Cars,7/29/2022
4131094,24810,Vintage Cars,7/30/2022
4617228,24863,Motorcyles,7/30/2022
7588455,24923,Classic Cars,7/30/2022
9311453,24982,Motorcyles,7/30/2022
11346807,25034,Vintage Cars,7/30/2022
13804497,25092,Motorcyles,7/30/2022
4766415,25142,Vintage Cars,7/31/2022
16910683,25194,Motorcyles,7/31/2022
3104280,25246,Classic Cars,8/1/2022
18845651,25300,Motorcyles,8/1/2022
12848936,25355,Classic Cars,8/2/2022
13992666,25405,Vintage Cars,8/2/2022
16759652,25458,Vintage Cars,8/2/2022
1395041,25511,Vintage Cars,8/3/2022
2690758,25563,Vintage Cars,8/3/2022
5226574,25621,Classic Cars,8/3/2022
7950956,25681,Vintage Cars,8/3/2022
64964834,25738,Vintage Cars,8/3/2022
6820022,25796,Vintage Cars,8/4/2022
9585451,25855,Classic Cars,8/4/2022
15855211,25909,Motorcyles,8/4/2022
65722981,25960,Classic Cars,8/4/2022
4889473,26010,Classic Cars,8/5/2022
18422682,26063,Vintage Cars,8/5/2022
19125738,26122,Vintage Cars,8/5/2022
5655891,26178,Classic Cars,8/6/2022
7277525,26236,Classic Cars,8/6/2022
18400399,26295,Motorcyles,8/6/2022
4775133,26347,Motorcyles,8/7/2022
5354304,26401,Classic Cars,8/7/2022
5933388,26454,Motorcyles,8/7/2022
9887551,26504,Motorcyles,8/7/2022
11456797,26554,Classic Cars,8/7/2022
18092679,26604,Vintage Cars,8/7/2022
69862446,26664,Motorcyles,8/7/2022
6959187,26714,Classic Cars,8/8/2022
7059838,26770,Vintage Cars,8/8/2022
8693880,26824,Vintage Cars,8/8/2022
16449538,26882,Vintage Cars,8/8/2022
6410580,26939,Vintage Cars,8/9/2022
7968962,26993,Classic Cars,8/9/2022
17969056,27050,Vintage Cars,8/9/2022
4891472,27109,Motorcyles,8/10/2022
5037490,27162,Vintage Cars,8/10/2022
14014754,27216,Motorcyles,8/10/2022
1610771,27272,Vintage Cars,8/11/2022
7838162,27332,Vintage Cars,8/11/2022
13738955,27387,Classic Cars,8/11/2022
14768751,27447,Classic Cars,8/11/2022
5030805,27505,Vintage Cars,8/12/2022
5357561,27559,Vintage Cars,8/13/2022
5666002,27612,Classic Cars,8/13/2022
13355510,27663,Classic Cars,8/13/2022
18972950,27716,Motorcyles,8/13/2022
4225150,27774,Classic Cars,8/14/2022
7235619,27825,Classic Cars,8/14/2022
10611462,27880,Vintage Cars,8/14/2022
11024886,27934,Classic Cars,8/14/2022
4054694,27991,Classic Cars,8/15/2022
15969512,28048,Classic Cars,8/15/2022
4261095,28099,Vintage Cars,8/16/2022
5156284,28157,Motorcyles,8/16/2022
6937603,28213,Vintage Cars,8/16/2022
9940767,28267,Motorcyles,8/16/2022
11066055,28318,Classic Cars,8/16/2022
14215325,28368,Motorcyles,8/16/2022
18247742,28427,Vintage Cars,8/16/2022
5317705,28485,Vintage Cars,8/17/2022
8091021,28539,Vintage Cars,8/18/2022
16643351,28592,Motorcyles,8/18/2022
19260919,28645,Classic Cars,8/18/2022
2251958,28703,Motorcyles,8/19/2022
4234456,28763,Classic Cars,8/19/2022
5155775,28814,Vintage Cars,8/19/2022
15280753,28866,Classic Cars,8/19/2022
17460360,28916,Vintage Cars,8/19/2022
19229827,28971,Vintage Cars,8/19/2022
3874386,29026,Vintage Cars,8/20/2022
6526992,29076,Classic Cars,8/20/2022
17818241,29130,Vintage Cars,8/20/2022
2537251,29181,Motorcyles,8/21/2022
5166843,29233,Vintage Cars,8/21/2022
7378985,29286,Motorcyles,8/21/2022
981253,29343,Vintage Cars,8/22/2022
1890552,29401,Vintage Cars,8/22/2022
5129465,29457,Vintage Cars,8/22/2022
8560234,29508,Motorcyles,8/22/2022
13498555,29563,Motorcyles,8/22/2022
17318267,29623,Vintage Cars,8/22/2022
88344378,29681,Classic Cars,8/22/2022
4101788,29739,Classic Cars,8/23/2022
5488663,29799,Classic Cars,8/23/2022
6165750,29849,Motorcyles,8/23/2022
6396001,29900,Motorcyles,8/23/2022
2080383,29954,Motorcyles,8/24/2022
5292235,30010,Classic Cars,8/24/2022
10638618,30064,Vintage Cars,8/24/2022
5424396,30119,Motorcyles,8/25/2022
10308056,30172,Vintage Cars,8/25/2022
11380931,30232,Vintage Cars,8/25/2022
1082206,30287,Motorcyles,8/26/2022
10483880,30344,Motorcyles,8/26/2022
13467147,30402,Classic Cars,8/26/2022
17740935,30458,Vintage Cars,8/26/2022
3759122,30517,Classic Cars,8/27/2022
7585457,30576,Motorcyles,8/27/2022
9712541,30636,Motorcyles,8/27/2022
14070670,30686,Vintage Cars,8/27/2022
14883454,30737,Classic Cars,8/27/2022
18853360,30794,Classic Cars,8/27/2022
19114271,30845,Motorcyles,8/27/2022
1122455,30902,Vintage Cars,8/28/2022
5361682,30958,Classic Cars,8/28/2022
7996947,31015,Motorcyles,8/28/2022
18897576,31075,Motorcyles,8/28/2022
18189383,31125,Vintage Cars,8/29/2022
82916330,31183,Motorcyles,8/29/2022
2687970,31242,Motorcyles,8/30/2022
5550471,31295,Vintage Cars,8/30/2022
7579317,31355,Vintage Cars,8/30/2022
7885055,31411,Classic Cars,8/30/2022
16253333,31471,Classic Cars,8/30/2022
3898978,31529,Vintage Cars,9/1/2022
7172441,31589,Vintage Cars,9/1/2022
15314813,31646,Vintage Cars,9/1/2022
65774026,31705,Vintage Cars,9/1/2022
2914513,31765,Motorcyles,9/2/2022
3989716,31817,Vintage Cars,9/2/2022
11709026,31873,Motorcyles,9/2/2022
15468639,31923,Vintage Cars,9/2/2022
18217839,31978,Motorcyles,9/2/2022
816652,32034,Classic Cars,9/3/2022
3192899,32085,Classic Cars,9/3/2022
8890132,32137,Classic Cars,9/3/2022
10346161,32188,Motorcyles,9/3/2022
16951642,32242,Vintage Cars,9/3/2022
17442973,32301,Motorcyles,9/3/2022
5424973,32355,Motorcyles,9/4/2022
6825201,32405,Classic Cars,9/4/2022
7695923,32460,Classic Cars,9/4/2022
9401037,32514,Motorcyles,9/4/2022
4118677,32567,Vintage Cars,9/5/2022
5077935,32623,Motorcyles,9/5/2022
8553262,32682,Vintage Cars,9/5/2022
13123108,32739,Motorcyles,9/5/2022
13544870,32799,Vintage Cars,9/5/2022
13875579,32853,Motorcyles,9/5/2022
14011616,32909,Classic Cars,9/5/2022
16784013,32965,Motorcyles,9/5/2022
2467632,33016,Classic Cars,9/6/2022
4062204,33069,Motorcyles,9/6/2022
17361849,33125,Vintage Cars,9/6/2022
18320640,33183,Vintage Cars,9/6/2022
19665666,33240,Vintage Cars,9/6/2022
1935544,33294,Classic Cars,9/7/2022
7158675,33354,Motorcyles,9/7/2022
10469064,33407,Motorcyles,9/7/2022
14671397,33461,Vintage Cars,9/7/2022
15560457,33520,Classic Cars,9/7/2022
6027284,33575,Vintage Cars,9/8/2022
11756042,33626,Vintage Cars,9/8/2022
12107077,33681,Classic Cars,9/8/2022
19305531,33740,Motorcyles,9/8/2022
5019550,33790,Motorcyles,9/9/2022
5257353,33847,Classic Cars,9/9/2022
10719152,33899,Motorcyles,9/9/2022
12318068,33959,Classic Cars,9/9/2022
12432600,34010,Vintage Cars,9/9/2022
3262458,34066,Vintage Cars,9/10/2022
5017626,34121,Vintage Cars,9/10/2022
8142133,34179,Classic Cars,9/10/2022
89869228,34239,Classic Cars,9/10/2022
2698768,34297,Motorcyles,9/11/2022
5476424,34352,Vintage Cars,9/11/2022
7483647,34404,Motorcyles,9/11/2022
8832561,34461,Classic Cars,9/11/2022
14855048,34520,Motorcyles,9/11/2022
884100,34577,Vintage Cars,9/12/2022
3748621,34636,Vintage Cars,9/12/2022
6785786,34687,Motorcyles,9/12/2022
13587207,34738,Vintage Cars,9/12/2022
13914048,34794,Vintage Cars,9/12/2022
18030506,34849,Classic Cars,9/12/2022
68577424,34899,Vintage Cars,9/12/2022
87757348,34954,Motorcyles,9/12/2022
2689983,35013,Classic Cars,9/13/2022
2764882,35066,Motorcyles,9/13/2022
12726538,35118,Vintage Cars,9/13/2022
14599698,35172,Classic Cars,9/13/2022
16089635,35228,Classic Cars,9/13/2022
17602260,35278,Vintage Cars,9/13/2022
18839010,35330,Classic Cars,9/13/2022
5254177,35388,Classic Cars,9/14/2022
5429641,35439,Motorcyles,9/14/2022
6013610,35496,Motorcyles,9/14/2022
13503058,35556,Classic Cars,9/14/2022
16021333,35607,Motorcyles,9/14/2022
17746767,35662,Vintage Cars,9/14/2022
19186642,35715,Vintage Cars,9/14/2022
1952560,35774,Vintage Cars,9/15/2022
4318282,35833,Motorcyles,9/15/2022
5324008,35888,Vintage Cars,9/15/2022
10832037,35938,Classic Cars,9/15/2022
16717921,35990,Motorcyles,9/15/2022
18194657,36042,Vintage Cars,9/15/2022
84283327,36102,Classic Cars,9/15/2022
1433792,36153,Classic Cars,9/16/2022
5206694,36204,Classic Cars,9/16/2022
5474140,36261,Classic Cars,9/16/2022
13063912,36318,Motorcyles,9/16/2022
5377328,36373,Classic Cars,9/17/2022
9346996,36423,Vintage Cars,9/17/2022
14508969,36474,Motorcyles,9/17/2022
15397387,36533,Vintage Cars,9/17/2022
15750177,36584,Vintage Cars,9/17/2022
16664466,36641,Classic Cars,9/17/2022
17945445,36696,Motorcyles,9/17/2022
60916926,36747,Motorcyles,9/17/2022
206325,36802,Motorcyles,9/18/2022
813262,36858,Classic Cars,9/18/2022
1799040,36913,Vintage Cars,9/19/2022
2473865,36969,Motorcyles,9/19/2022
4253558,37022,Vintage Cars,9/19/2022
4592256,37074,Classic Cars,9/19/2022
4725077,37126,Motorcyles,9/19/2022
5374439,37180,Vintage Cars,9/19/2022
13120943,37234,Classic Cars,9/19/2022
13583342,37287,Vintage Cars,9/19/2022
1871408,37345,Motorcyles,9/20/2022
5381575,37398,Motorcyles,9/20/2022
8139353,37458,Vintage Cars,9/20/2022
10227227,37514,Motorcyles,9/20/2022
15778615,37574,Motorcyles,9/20/2022
18946990,37632,Classic Cars,9/20/2022
869531,37688,Classic Cars,9/21/2022
1960577,37746,Classic Cars,9/21/2022
3776228,37798,Vintage Cars,9/21/2022
5344363,37848,Classic Cars,9/21/2022
6785550,37898,Vintage Cars,9/21/2022
7357899,37956,Motorcyles,9/21/2022
11165634,38008,Classic Cars,9/21/2022
14881956,38062,Vintage Cars,9/21/2022
15021612,38114,Classic Cars,9/21/2022
1037254,38166,Classic Cars,9/22/2022
1552701,38217,Vintage Cars,9/22/2022
5020016,38274,Motorcyles,9/22/2022
5376438,38327,Vintage Cars,9/22/2022
5383375,38382,Motorcyles,9/22/2022
6279376,38437,Motorcyles,9/22/2022
12424671,38489,Vintage Cars,9/22/2022
16096224,38548,Classic Cars,9/22/2022
16899608,38598,Motorcyles,9/22/2022
18647160,38657,Vintage Cars,9/22/2022
1577871,38710,Vintage Cars,9/23/2022
2677583,38770,Vintage Cars,9/23/2022
7563112,38820,Classic Cars,9/23/2022
11236133,38872,Vintage Cars,9/23/2022
13380979,38926,Classic Cars,9/23/2022
16427588,38982,Motorcyles,9/23/2022
1174206,39034,Vintage Cars,9/24/2022
5179448,39090,Vintage Cars,9/24/2022
5303465,39145,Motorcyles,9/24/2022
8365427,39201,Vintage Cars,9/24/2022
9202898,39261,Motorcyles,9/24/2022
11303844,39320,Motorcyles,9/24/2022
12833969,39373,Motorcyles,9/24/2022
18013900,39424,Motorcyles,9/24/2022
65849044,39474,Motorcyles,9/24/2022
4687608,39526,Vintage Cars,9/25/2022
5213477,39586,Motorcyles,9/25/2022
5498125,39636,Classic Cars,9/25/2022
7626212,39690,Vintage Cars,9/25/2022
12674871,39745,Vintage Cars,9/25/2022
13869583,39802,Vintage Cars,9/25/2022
15545150,39860,Vintage Cars,9/25/2022
17323244,39910,Classic Cars,9/25/2022
18552886,39966,Classic Cars,9/25/2022
5184882,40025,Motorcyles,9/26/2022
5219204,40078,Vintage Cars,9/26/2022
5379606,40138,Vintage Cars,9/26/2022
6375474,40192,Classic Cars,9/26/2022
18572993,40251,Classic Cars,9/26/2022
61693345,40304,Vintage Cars,9/26/2022
728625,40359,Vintage Cars,9/27/2022
4153686,40419,Vintage Cars,9/27/2022
5356495,40474,Vintage Cars,9/27/2022
9748813,40527,Motorcyles,9/27/2022
10503874,40579,Vintage Cars,9/27/2022
15877916,40631,Vintage Cars,9/27/2022
2048983,40686,Motorcyles,9/28/2022
4581150,40743,Vintage Cars,9/28/2022
5386033,40796,Vintage Cars,9/28/2022
9186008,40848,Vintage Cars,9/28/2022
9445375,40902,Motorcyles,9/28/2022
11095377,40962,Motorcyles,9/28/2022
13549653,41022,Motorcyles,9/28/2022
17032619,41072,Vintage Cars,9/28/2022
17058042,41123,Classic Cars,9/28/2022
19465426,41179,Motorcyles,9/28/2022
5083075,41239,Classic Cars,9/29/2022
5168983,41292,Motorcyles,9/29/2022
5422098,41350,Classic Cars,9/29/2022
5488852,41409,Motorcyles,9/29/2022
11110879,41469,Vintage Cars,9/29/2022
15160108,41529,Motorcyles,9/29/2022
16743986,41588,Motorcyles,9/29/2022
17118770,41644,Motorcyles,9/29/2022
18468001,41703,Vintage Cars,9/29/2022
87683659,41762,Classic Cars,9/29/2022
5036500,41812,Motorcyles,9/30/2022
6585244,41870,Vintage Cars,9/30/2022
15254561,41921,Vintage Cars,9/30/2022
89323288,41974,Classic Cars,9/30/2022
621547,42032,Motorcyles,10/1/2022
2086206,42092,Motorcyles,10/1/2022
5122322,42152,Vintage Cars,10/1/2022
5222145,42210,Vintage Cars,10/1/2022
10011380,42264,Vintage Cars,10/1/2022
8165573,42315,Classic Cars,10/2/2022
12589949,42367,Classic Cars,10/2/2022
14992344,42427,Motorcyles,10/2/2022
17765611,42484,Vintage Cars,10/2/2022
3733677,42536,Classic Cars,10/3/2022
3856998,42589,Motorcyles,10/3/2022
4145075,42646,Classic Cars,10/3/2022
9208197,42705,Vintage Cars,10/3/2022
14945771,42763,Classic Cars,10/3/2022
789346,42823,Motorcyles,10/4/2022
1318842,42882,Vintage Cars,10/4/2022
2184306,42934,Classic Cars,10/4/2022
4264027,42991,Motorcyles,10/4/2022
5200858,43042,Motorcyles,10/4/2022
5280623,43097,Vintage Cars,10/4/2022
5310671,43148,Vintage Cars,10/4/2022
5655342,43206,Motorcyles,10/4/2022
6129129,43259,Motorcyles,10/4/2022
9117968,43310,Vintage Cars,10/4/2022
16074254,43367,Classic Cars,10/4/2022
16180197,43419,Vintage Cars,10/4/2022
1916894,43472,Classic Cars,10/5/2022
3795196,43531,Classic Cars,10/5/2022
5054016,43587,Vintage Cars,10/5/2022
5547182,43639,Classic Cars,10/5/2022
8891044,43689,Classic Cars,10/5/2022
10399932,43741,Vintage Cars,10/5/2022
15709234,43801,Classic Cars,10/5/2022
16555951,43851,Vintage Cars,10/5/2022
16990458,43909,Vintage Cars,10/5/2022
4312235,43968,Motorcyles,10/6/2022
5163878,44020,Motorcyles,10/6/2022
7486914,44071,Classic Cars,10/6/2022
8368219,44122,Vintage Cars,10/6/2022
10773083,44176,Classic Cars,10/6/2022
12617013,44231,Classic Cars,10/6/2022
13219397,44288,Motorcyles,10/6/2022
13346594,44343,Vintage Cars,10/6/2022
14872802,44399,Classic Cars,10/6/2022
15328702,44449,Motorcyles,10/6/2022
18066339,44505,Classic Cars,10/6/2022
18832565,44557,Classic Cars,10/6/2022
68280609,44611,Classic Cars,10/6/2022
3017803,44665,Motorcyles,10/7/2022
4661700,44724,Classic Cars,10/7/2022
14024643,44781,Vintage Cars,10/7/2022
14923842,44838,Motorcyles,10/7/2022
15987948,44890,Classic Cars,10/7/2022
16522359,44941,Classic Cars,10/7/2022
17228243,45001,Classic Cars,10/7/2022
18864050,45051,Vintage Cars,10/7/2022
1208104,45103,Motorcyles,10/8/2022
5445809,45157,Motorcyles,10/8/2022
8703629,45207,Classic Cars,10/8/2022
16995145,45259,Classic Cars,10/8/2022
62624178,45315,Vintage Cars,10/8/2022
600710,45373,Motorcyles,10/9/2022
1098418,45428,Classic Cars,10/9/2022
5299868,45484,Vintage Cars,10/9/2022
5811329,45542,Motorcyles,10/9/2022
9384949,45596,Classic Cars,10/9/2022
11795698,45646,Vintage Cars,10/9/2022
19400949,45701,Motorcyles,10/9/2022
2130607,45754,Motorcyles,10/10/2022
4145894,45804,Motorcyles,10/10/2022
5088266,45855,Classic Cars,10/10/2022
5207220,45908,Motorcyles,10/10/2022
10854492,45967,Vintage Cars,10/10/2022
14237079,46023,Vintage Cars,10/10/2022
14241291,46074,Motorcyles,10/10/2022
17534497,46128,Classic Cars,10/10/2022
648361,46181,Vintage Cars,10/11/2022
5294125,46237,Classic Cars,10/11/2022
17782827,46295,Classic Cars,10/11/2022
18036448,46349,Vintage Cars,10/11/2022
18558838,46403,Motorcyles,10/11/2022
5002953,46455,Classic Cars,10/12/2022
5397093,46513,Motorcyles,10/12/2022
7736448,46565,Motorcyles,10/12/2022
15454089,46615,Classic Cars,10/12/2022
16108795,46670,Classic Cars,10/12/2022
17537223,46724,Classic Cars,10/12/2022
19185066,46776,Motorcyles,10/12/2022
5198892,46836,Motorcyles,10/13/2022
5203466,46896,Motorcyles,10/13/2022
5395147,46951,Vintage Cars,10/13/2022
5752840,47008,Vintage Cars,10/13/2022
7744792,47067,Classic Cars,10/13/2022
13242482,47122,Classic Cars,10/13/2022
14834827,47173,Vintage Cars,10/13/2022
3101304,47227,Classic Cars,10/14/2022
4414158,47278,Motorcyles,10/14/2022
4415448,47336,Motorcyles,10/14/2022
4743468,47393,Classic Cars,10/14/2022
5327755,47453,Vintage Cars,10/14/2022
5366714,47508,Vintage Cars,10/14/2022
6586873,47558,Motorcyles,10/14/2022
8510240,47615,Motorcyles,10/14/2022
9721026,47674,Classic Cars,10/14/2022
10272841,47727,Motorcyles,10/14/2022
10471111,47783,Motorcyles,10/14/2022
12022535,47840,Classic Cars,10/14/2022
14969065,47893,Classic Cars,10/14/2022
16479017,47947,Classic Cars,10/14/2022
1901809,48007,Vintage Cars,10/15/2022
3370852,48062,Motorcyles,10/15/2022
8813404,48119,Motorcyles,10/15/2022
9433697,48178,Motorcyles,10/15/2022
10546762,48232,Vintage Cars,10/15/2022
13378327,48289,Motorcyles,10/15/2022
13448795,48341,Classic Cars,10/15/2022
15175992,48391,Classic Cars,10/15/2022
18315758,48441,Vintage Cars,10/15/2022
18704276,48492,Classic Cars,10/15/2022
5367078,48544,Vintage Cars,10/16/2022
9478052,48602,Vintage Cars,10/16/2022
11694165,48656,Motorcyles,10/16/2022
11803332,48709,Vintage Cars,10/16/2022
12354695,48769,Motorcyles,10/16/2022
12758756,48824,Vintage Cars,10/16/2022
13654521,48877,Motorcyles,10/16/2022
14836657,48932,Motorcyles,10/16/2022
15162425,48983,Classic Cars,10/16/2022
15907362,49040,Vintage Cars,10/16/2022
18441728,49096,Vintage Cars,10/16/2022
19661728,49153,Vintage Cars,10/16/2022
67773438,49209,Motorcyles,10/16/2022
83944875,49263,Motorcyles,10/16/2022
89638521,49320,Classic Cars,10/16/2022
4350862,49370,Classic Cars,10/17/2022
4729406,49420,Vintage Cars,10/17/2022
5306563,49474,Motorcyles,10/17/2022
5367174,49529,Classic Cars,10/17/2022
6917392,49587,Classic Cars,10/17/2022
8474983,49647,Classic Cars,10/17/2022
8651879,49699,Vintage Cars,10/17/2022
8988350,49758,Motorcyles,10/17/2022
13921622,49817,Classic Cars,10/17/2022
16262567,49871,Motorcyles,10/17/2022
17979687,49921,Vintage Cars,10/17/2022
18211433,49977,Vintage Cars,10/17/2022
19746553,50030,Vintage Cars,10/17/2022
2944115,50089,Vintage Cars,10/18/2022
4156953,50142,Motorcyles,10/18/2022
4904518,50192,Classic Cars,10/18/2022
9176186,50248,Vintage Cars,10/18/2022
10683509,50299,Motorcyles,10/18/2022
14930222,50349,Motorcyles,10/18/2022
17329818,50404,Classic Cars,10/18/2022
17452378,50461,Classic Cars,10/18/2022
89838457,50511,Classic Cars,10/18/2022
1196373,50567,Motorcyles,10/19/2022
4699190,50623,Classic Cars,10/19/2022
5042324,50677,Vintage Cars,10/19/2022
5117886,50737,Classic Cars,10/19/2022
5166514,50792,Vintage Cars,10/19/2022
5279077,50846,Motorcyles,10/19/2022
5283658,50901,Motorcyles,10/19/2022
7797921,50952,Motorcyles,10/19/2022
9197319,51006,Classic Cars,10/19/2022
10691098,51065,Vintage Cars,10/19/2022
11747915,51124,Vintage Cars,10/19/2022
13339187,51174,Motorcyles,10/19/2022
16002724,51232,Classic Cars,10/19/2022
16221472,51284,Classic Cars,10/19/2022
19605604,51337,Vintage Cars,10/19/2022
5004061,51392,Motorcyles,10/20/2022
5082680,51443,Motorcyles,10/20/2022
5089151,51499,Motorcyles,10/20/2022
5320715,51550,Motorcyles,10/20/2022
8394097,51608,Classic Cars,10/20/2022
8663603,51664,Vintage Cars,10/20/2022
9762667,51721,Classic Cars,10/20/2022
10281014,51780,Motorcyles,10/20/2022
15522339,51831,Vintage Cars,10/20/2022
19728844,51891,Classic Cars,10/20/2022
62527754,51947,Motorcyles,10/20/2022
5270644,52000,Motorcyles,10/21/2022
10781573,52059,Classic Cars,10/21/2022
11222291,52119,Motorcyles,10/21/2022
12806561,52175,Motorcyles,10/21/2022
13312205,52232,Vintage Cars,10/21/2022
14617570,52284,Motorcyles,10/21/2022
15865628,52344,Vintage Cars,10/21/2022
81381375,52404,Classic Cars,10/21/2022
87210079,52464,Classic Cars,10/21/2022
6354797,52522,Vintage Cars,10/22/2022
6951509,52574,Motorcyles,10/22/2022
9491088,52625,Classic Cars,10/22/2022
10978292,52677,Vintage Cars,10/22/2022
18997831,52731,Motorcyles,10/22/2022
2465516,52789,Classic Cars,10/23/2022
3012273,52844,Motorcyles,10/23/2022
3945576,52898,Classic Cars,10/23/2022
5083120,52957,Classic Cars,10/23/2022
5288187,53008,Vintage Cars,10/23/2022
5474643,53066,Classic Cars,10/23/2022
5981798,53123,Vintage Cars,10/23/2022
6467497,53174,Motorcyles,10/23/2022
10276021,53234,Classic Cars,10/23/2022
15600825,53284,Vintage Cars,10/23/2022
16132435,53340,Classic Cars,10/23/2022
1379195,53396,Motorcyles,10/24/2022
4087514,53448,Vintage Cars,10/24/2022
5010082,53498,Vintage Cars,10/24/2022
5125540,53549,Motorcyles,10/24/2022
5253011,53605,Vintage Cars,10/24/2022
5332517,53658,Classic Cars,10/24/2022
14305706,53710,Motorcyles,10/24/2022
16323933,53761,Motorcyles,10/24/2022
16715091,53813,Motorcyles,10/24/2022
17415258,53872,Motorcyles,10/24/2022
19749164,53924,Motorcyles,10/24/2022
1191502,53976,Classic Cars,10/25/2022
1965673,54030,Classic Cars,10/25/2022
2279053,54085,Motorcyles,10/25/2022
3700118,54135,Vintage Cars,10/25/2022
4472475,54187,Classic Cars,10/25/2022
4501892,54239,Vintage Cars,10/25/2022
6076545,54289,Vintage Cars,10/25/2022
6097298,54343,Classic Cars,10/25/2022
7376836,54403,Motorcyles,10/25/2022
13787977,54463,Classic Cars,10/25/2022
16992579,54515,Motorcyles,10/25/2022
18181632,54571,Classic Cars,10/25/2022
62843226,54623,Vintage Cars,10/25/2022
1274199,54673,Classic Cars,10/26/2022
4999447,54727,Vintage Cars,10/26/2022
5450166,54782,Vintage Cars,10/26/2022
5475748,54835,Vintage Cars,10/26/2022
8834926,54891,Vintage Cars,10/26/2022
12581398,54947,Classic Cars,10/26/2022
14147620,55005,Vintage Cars,10/26/2022
87688866,55060,Vintage Cars,10/26/2022
5298553,55120,Motorcyles,10/27/2022
7109236,55172,Vintage Cars,10/27/2022
8406300,55225,Motorcyles,10/27/2022
9992326,55285,Vintage Cars,10/27/2022
10205184,55345,Vintage Cars,10/27/2022
11791791,55403,Classic Cars,10/27/2022
13592457,55462,Classic Cars,10/27/2022
14307155,55516,Classic Cars,10/27/2022
632518,55576,Classic Cars,10/28/2022
3423753,55629,Motorcyles,10/28/2022
5032235,55682,Motorcyles,10/28/2022
12253506,55738,Motorcyles,10/28/2022
16061716,55795,Classic Cars,10/28/2022
16194406,55852,Vintage Cars,10/28/2022
2017283,55902,Classic Cars,10/29/2022
2492886,55958,Vintage Cars,10/29/2022
3099783,56014,Vintage Cars,10/29/2022
4542267,56073,Classic Cars,10/29/2022
5150768,56131,Motorcyles,10/29/2022
5342597,56183,Classic Cars,10/29/2022
5610480,56234,Vintage Cars,10/29/2022
6307320,56290,Vintage Cars,10/29/2022
7858945,56344,Classic Cars,10/29/2022
10595557,56396,Motorcyles,10/29/2022
11571517,56452,Vintage Cars,10/29/2022
14425863,56502,Vintage Cars,10/29/2022
17114539,56560,Motorcyles,10/29/2022
17835106,56613,Vintage Cars,10/29/2022
19680252,56672,Classic Cars,10/29/2022
62378653,56731,Motorcyles,10/29/2022
2737585,56785,Classic Cars,10/30/2022
2803150,56841,Vintage Cars,10/30/2022
3666087,56896,Motorcyles,10/30/2022
5108767,56954,Vintage Cars,10/30/2022
5220440,57010,Classic Cars,10/30/2022
5253883,57068,Vintage Cars,10/30/2022
5262937,57123,Vintage Cars,10/30/2022
7040637,57178,Classic Cars,10/30/2022
7428466,57230,Vintage Cars,10/30/2022
8429394,57280,Vintage Cars,10/30/2022
8576273,57332,Classic Cars,10/30/2022
12759609,57384,Motorcyles,10/30/2022
17647560,57438,Motorcyles,10/30/2022
5161189,57491,Classic Cars,10/31/2022
5426590,57550,Vintage Cars,10/31/2022
5864145,57605,Vintage Cars,10/31/2022
6126288,57656,Classic Cars,10/31/2022
9657001,57713,Motorcyles,10/31/2022
12675561,57767,Classic Cars,10/31/2022
13585818,57824,Motorcyles,10/31/2022
13728051,57882,Motorcyles,10/31/2022
16236265,57934,Vintage Cars,10/31/2022
17087981,57992,Vintage Cars,10/31/2022
18168426,58050,Vintage Cars,10/31/2022
19539066,58109,Classic Cars,10/31/2022
534799,58166,Vintage Cars,11/1/2022
2479679,58217,Vintage Cars,11/1/2022
2908003,58267,Classic Cars,11/1/2022
4446061,58324,Vintage Cars,11/1/2022
4921329,58374,Motorcyles,11/1/2022
5090970,58424,Motorcyles,11/1/2022
5152050,58481,Motorcyles,11/1/2022
8638663,58541,Vintage Cars,11/1/2022
8962762,58595,Vintage Cars,11/1/2022
16922557,58649,Vintage Cars,11/1/2022
7250483,58703,Vintage Cars,11/2/2022
8328393,58759,Classic Cars,11/2/2022
8367547,58814,Classic Cars,11/2/2022
9102879,58873,Motorcyles,11/2/2022
10593087,58932,Motorcyles,11/2/2022
11178611,58989,Vintage Cars,11/2/2022
11925716,59045,Vintage Cars,11/2/2022
12422623,59105,Vintage Cars,11/2/2022
17142208,59157,Vintage Cars,11/2/2022
17298065,59208,Vintage Cars,11/2/2022
88318944,59261,Motorcyles,11/2/2022
5842347,59318,Vintage Cars,11/3/2022
6383106,59370,Motorcyles,11/3/2022
6973901,59429,Vintage Cars,11/3/2022
8073669,59479,Vintage Cars,11/3/2022
9296122,59538,Vintage Cars,11/3/2022
10200123,59591,Classic Cars,11/3/2022
15427398,59641,Vintage Cars,11/3/2022
19173926,59692,Classic Cars,11/3/2022
19557072,59749,Motorcyles,11/3/2022
2293162,59804,Classic Cars,11/4/2022
4999053,59858,Classic Cars,11/4/2022
5179310,59917,Classic Cars,11/4/2022
5190426,59970,Motorcyles,11/4/2022
5221393,60023,Vintage Cars,11/4/2022
5464963,60075,Classic Cars,11/4/2022
6702595,60131,Motorcyles,11/4/2022
9584632,60189,Classic Cars,11/4/2022
14583479,60240,Vintage Cars,11/4/2022
18858921,60299,Vintage Cars,11/4/2022
2169353,60357,Motorcyles,11/5/2022
6195434,60414,Motorcyles,11/5/2022
8558281,60468,Vintage Cars,11/5/2022
8588373,60527,Classic Cars,11/5/2022
10794308,60581,Motorcyles,11/5/2022
13410562,60634,Motorcyles,11/5/2022
64115297,60686,Classic Cars,11/5/2022
64217523,60743,Classic Cars,11/5/2022
771684,60799,Motorcyles,11/6/2022
2070095,60849,Vintage Cars,11/6/2022
2583719,60904,Motorcyles,11/6/2022
3104682,60958,Vintage Cars,11/6/2022
4930183,61010,Classic Cars,11/6/2022
8115966,61068,Vintage Cars,11/6/2022
8544570,61124,Motorcyles,11/6/2022
14927509,61183,Motorcyles,11/6/2022
16092871,61235,Classic Cars,11/6/2022
16672665,61290,Motorcyles,11/6/2022
19610562,61349,Motorcyles,11/6/2022
19967521,61399,Classic Cars,11/6/2022
1220346,61449,Vintage Cars,11/7/2022
2719479,61508,Classic Cars,11/7/2022
5006460,61566,Classic Cars,11/7/2022
5139266,61617,Classic Cars,11/7/2022
5272586,61673,Vintage Cars,11/7/2022
5348548,61723,Classic Cars,11/7/2022
8485232,61774,Classic Cars,11/7/2022
15739859,61826,Vintage Cars,11/7/2022
17769247,61883,Motorcyles,11/7/2022
87149513,61937,Classic Cars,11/7/2022
1015066,61987,Motorcyles,11/8/2022
8151017,62038,Vintage Cars,11/8/2022
10265545,62093,Vintage Cars,11/8/2022
10735475,62146,Motorcyles,11/8/2022
11018325,62201,Vintage Cars,11/8/2022
13782511,62258,Classic Cars,11/8/2022
13887018,62315,Classic Cars,11/8/2022
17420906,62367,Classic Cars,11/8/2022
19207458,62425,Classic Cars,11/8/2022
19272113,62478,Motorcyles,11/8/2022
19543694,62537,Classic Cars,11/8/2022
553881,62595,Motorcyles,11/9/2022
2506374,62655,Motorcyles,11/9/2022
3532934,62708,Vintage Cars,11/9/2022
5136343,62762,Vintage Cars,11/9/2022
5409529,62814,Vintage Cars,11/9/2022
14837767,62868,Motorcyles,11/9/2022
15375711,62926,Classic Cars,11/9/2022
15451771,62978,Motorcyles,11/9/2022
15735976,63033,Vintage Cars,11/9/2022
17445558,63093,Vintage Cars,11/9/2022
1137977,63146,Motorcyles,11/10/2022
1298014,63196,Vintage Cars,11/10/2022
5286509,63247,Motorcyles,11/10/2022
5976136,63298,Motorcyles,11/10/2022
10075484,63351,Vintage Cars,11/10/2022
14790927,63409,Vintage Cars,11/10/2022
17146971,63462,Motorcyles,11/10/2022
19417013,63514,Classic Cars,11/10/2022
1246358,63569,Vintage Cars,11/11/2022
2168309,63620,Vintage Cars,11/11/2022
2684230,63674,Vintage Cars,11/11/2022
5039247,63734,Vintage Cars,11/11/2022
5244854,63784,Vintage Cars,11/11/2022
5408468,63840,Vintage Cars,11/11/2022
5416440,63890,Classic Cars,11/11/2022
6573785,63943,Vintage Cars,11/11/2022
8045755,63995,Motorcyles,11/11/2022
8883683,64047,Classic Cars,11/11/2022
12882174,64097,Vintage Cars,11/11/2022
13023274,64156,Motorcyles,11/11/2022
14015966,64210,Motorcyles,11/11/2022
15650168,64261,Vintage Cars,11/11/2022
18638908,64320,Motorcyles,11/11/2022
2593350,64380,Motorcyles,11/12/2022
4133737,64433,Motorcyles,11/12/2022
4446778,64485,Vintage Cars,11/12/2022
5355792,64539,Classic Cars,11/12/2022
6630634,64594,Vintage Cars,11/12/2022
6992525,64649,Vintage Cars,11/12/2022
12305062,64709,Vintage Cars,11/12/2022
16975181,64760,Motorcyles,11/12/2022
69147334,64819,Motorcyles,11/12/2022
4366668,64869,Vintage Cars,11/13/2022
5311960,64921,Motorcyles,11/13/2022
6313496,64977,Classic Cars,11/13/2022
7193930,65035,Vintage Cars,11/13/2022
8085280,65088,Motorcyles,11/13/2022
10495690,65143,Classic Cars,11/13/2022
11211974,65202,Vintage Cars,11/13/2022
13517907,65254,Motorcyles,11/13/2022
14769849,65312,Motorcyles,11/13/2022
15392645,65368,Vintage Cars,11/13/2022
15528066,65428,Classic Cars,11/13/2022
15921284,65482,Motorcyles,11/13/2022
18084979,65533,Motorcyles,11/13/2022
18585798,65591,Motorcyles,11/13/2022
18791823,65649,Classic Cars,11/13/2022
18914792,65708,Classic Cars,11/13/2022
1568167,65762,Motorcyles,11/14/2022
4073591,65812,Motorcyles,11/14/2022
4627503,65863,Vintage Cars,11/14/2022
5063192,65920,Motorcyles,11/14/2022
5276329,65979,Motorcyles,11/14/2022
5824016,66029,Classic Cars,11/14/2022
5832080,66083,Vintage Cars,11/14/2022
7893913,66142,Motorcyles,11/14/2022
11366414,66197,Motorcyles,11/14/2022
12549482,66252,Vintage Cars,11/14/2022
15862496,66307,Motorcyles,11/14/2022
17174570,66362,Classic Cars,11/14/2022
18203176,66415,Vintage Cars,11/14/2022
19254822,66473,Vintage Cars,11/14/2022
858819,66530,Vintage Cars,11/15/2022
1765191,66585,Vintage Cars,11/15/2022
5060083,66642,Classic Cars,11/15/2022
5170184,66695,Motorcyles,11/15/2022
5269392,66755,Motorcyles,11/15/2022
5464054,66810,Vintage Cars,11/15/2022
6829164,66860,Motorcyles,11/15/2022
10080267,66910,Motorcyles,11/15/2022
12932366,66964,Vintage Cars,11/15/2022
15208395,67024,Classic Cars,11/15/2022
15388771,67077,Vintage Cars,11/15/2022
16230726,67133,Classic Cars,11/15/2022
17417286,67189,Motorcyles,11/15/2022
17954538,67240,Motorcyles,11/15/2022
18004172,67300,Vintage Cars,11/15/2022
18915871,67354,Vintage Cars,11/15/2022
19761450,67414,Classic Cars,11/15/2022
63318157,67468,Vintage Cars,11/15/2022
1576650,67521,Classic Cars,11/16/2022
4796831,67575,Motorcyles,11/16/2022
5059447,67634,Motorcyles,11/16/2022
5085635,67685,Classic Cars,11/16/2022
5880154,67743,Motorcyles,11/16/2022
7322817,67793,Vintage Cars,11/16/2022
7694910,67845,Motorcyles,11/16/2022
8634598,67899,Classic Cars,11/16/2022
9064647,67957,Classic Cars,11/16/2022
10367973,68007,Classic Cars,11/16/2022
12016253,68057,Classic Cars,11/16/2022
12053826,68115,Vintage Cars,11/16/2022
13951568,68173,Vintage Cars,11/16/2022
14043642,68225,Motorcyles,11/16/2022
15736069,68280,Classic Cars,11/16/2022
16350728,68339,Classic Cars,11/16/2022
19069304,68397,Vintage Cars,11/16/2022
19875126,68454,Vintage Cars,11/16/2022
570757,68514,Vintage Cars,11/17/2022
705328,68570,Motorcyles,11/17/2022
3334013,68621,Vintage Cars,11/17/2022
4321484,68672,Classic Cars,11/17/2022
5142492,68724,Motorcyles,11/17/2022
5183133,68775,Motorcyles,11/17/2022
5230588,68830,Vintage Cars,11/17/2022
5317798,68890,Classic Cars,11/17/2022
5495084,68943,Classic Cars,11/17/2022
6914977,68993,Motorcyles,11/17/2022
8240467,69043,Vintage Cars,11/17/2022
11302333,69101,Motorcyles,11/17/2022
13251651,69154,Motorcyles,11/17/2022
13922018,69204,Classic Cars,11/17/2022
14839268,69254,Classic Cars,11/17/2022
15197473,69310,Vintage Cars,11/17/2022
16554298,69367,Motorcyles,11/17/2022
17472097,69420,Vintage Cars,11/17/2022
18419244,69479,Motorcyles,11/17/2022
68782237,69539,Classic Cars,11/17/2022
80303938,69589,Vintage Cars,11/17/2022
83281439,69646,Classic Cars,11/17/2022
1936930,69698,Vintage Cars,11/18/2022
4816389,69749,Motorcyles,11/18/2022
5171063,69805,Motorcyles,11/18/2022
6451667,69861,Vintage Cars,11/18/2022
6759929,69915,Vintage Cars,11/18/2022
6837711,69971,Classic Cars,11/18/2022
7073916,70023,Vintage Cars,11/18/2022
7765605,70078,Motorcyles,11/18/2022
12307401,70131,Classic Cars,11/18/2022
18217846,70188,Motorcyles,11/18/2022
60478664,70240,Motorcyles,11/18/2022
61651638,70293,Classic Cars,11/18/2022
1050370,70347,Motorcyles,11/19/2022
2824608,70404,Vintage Cars,11/19/2022
5287864,70461,Classic Cars,11/19/2022
5406707,70512,Motorcyles,11/19/2022
5445184,70569,Vintage Cars,11/19/2022
5774727,70627,Classic Cars,11/19/2022
5779514,70681,Vintage Cars,11/19/2022
7621713,70738,Classic Cars,11/19/2022
8752764,70797,Motorcyles,11/19/2022
10455596,70847,Classic Cars,11/19/2022
13295637,70901,Classic Cars,11/19/2022
15939432,70958,Classic Cars,11/19/2022
19110463,71016,Classic Cars,11/19/2022
2303452,71070,Vintage Cars,11/20/2022
2506984,71122,Motorcyles,11/20/2022
2634357,71176,Classic Cars,11/20/2022
2725431,71228,Vintage Cars,11/20/2022
3882877,71288,Motorcyles,11/20/2022
5200904,71338,Vintage Cars,11/20/2022
5214516,71389,Motorcyles,11/20/2022
5231612,71443,Classic Cars,11/20/2022
5325468,71498,Motorcyles,11/20/2022
5372323,71549,Classic Cars,11/20/2022
11258604,71600,Motorcyles,11/20/2022
14424073,71653,Motorcyles,11/20/2022
14904879,71703,Motorcyles,11/20/2022
14919885,71760,Vintage Cars,11/20/2022
14932100,71814,Classic Cars,11/20/2022
18427454,71874,Classic Cars,11/20/2022
84702143,71930,Motorcyles,11/20/2022
84806726,71987,Motorcyles,11/20/2022
2087206,72038,Motorcyles,11/21/2022
2270132,72088,Classic Cars,11/21/2022
2507232,72140,Vintage Cars,11/21/2022
4841593,72196,Motorcyles,11/21/2022
5116476,72251,Motorcyles,11/21/2022
5144345,72310,Classic Cars,11/21/2022
5218006,72360,Motorcyles,11/21/2022
5240899,72412,Motorcyles,11/21/2022
5781800,72462,Motorcyles,11/21/2022
5879304,72520,Motorcyles,11/21/2022
7723384,72570,Motorcyles,11/21/2022
8217954,72620,Vintage Cars,11/21/2022
9814338,72677,Vintage Cars,11/21/2022
12319430,72728,Motorcyles,11/21/2022
19898515,72782,Classic Cars,11/21/2022
19944796,72834,Vintage Cars,11/21/2022
64100856,72884,Vintage Cars,11/21/2022
69159060,72943,Classic Cars,11/21/2022
80481170,73001,Vintage Cars,11/21/2022
1260543,73052,Classic Cars,11/22/2022
1900293,73112,Classic Cars,11/22/2022
2117566,73170,Classic Cars,11/22/2022
2910858,73222,Classic Cars,11/22/2022
4145080,73272,Classic Cars,11/22/2022
5228430,73328,Vintage Cars,11/22/2022
5264060,73383,Vintage Cars,11/22/2022
9494483,73439,Classic Cars,11/22/2022
11362456,73495,Classic Cars,11/22/2022
13987998,73554,Vintage Cars,11/22/2022
14665287,73614,Classic Cars,11/22/2022
15791580,73672,Vintage Cars,11/22/2022
16177558,73727,Vintage Cars,11/22/2022
16328219,73777,Motorcyles,11/22/2022
18252044,73828,Vintage Cars,11/22/2022
18405427,73883,Classic Cars,11/22/2022
18622996,73938,Motorcyles,11/22/2022
19402263,73995,Motorcyles,11/22/2022
68507507,74051,Vintage Cars,11/22/2022
958556,74103,Vintage Cars,11/23/2022
990529,74162,Classic Cars,11/23/2022
4271164,74215,Motorcyles,11/23/2022
4513879,74267,Motorcyles,11/23/2022
5857778,74327,Vintage Cars,11/23/2022
6663836,74377,Vintage Cars,11/23/2022
9934009,74428,Classic Cars,11/23/2022
16130741,74479,Motorcyles,11/23/2022
17869593,74539,Motorcyles,11/23/2022
19191483,74592,Vintage Cars,11/23/2022
1394140,74642,Classic Cars,11/24/2022
2712611,74698,Motorcyles,11/24/2022
3603945,74754,Motorcyles,11/24/2022
4164991,74812,Vintage Cars,11/24/2022
5125312,74864,Motorcyles,11/24/2022
5233695,74916,Classic Cars,11/24/2022
5402140,74975,Motorcyles,11/24/2022
8150396,75030,Vintage Cars,11/24/2022
8729444,75088,Vintage Cars,11/24/2022
9112004,75139,Motorcyles,11/24/2022
13747945,75199,Motorcyles,11/24/2022
13946247,75252,Vintage Cars,11/24/2022
15278346,75306,Motorcyles,11/24/2022
16646453,75360,Classic Cars,11/24/2022
16976965,75414,Classic Cars,11/24/2022
18309548,75470,Motorcyles,11/24/2022
18689898,75522,Classic Cars,11/24/2022
81033461,75576,Motorcyles,11/24/2022
1306431,75626,Vintage Cars,11/25/2022
3923699,75681,Motorcyles,11/25/2022
4833755,75738,Vintage Cars,11/25/2022
4862125,75794,Motorcyles,11/25/2022
5054749,75852,Vintage Cars,11/25/2022
5259295,75904,Classic Cars,11/25/2022
5489731,75963,Classic Cars,11/25/2022
6355561,76023,Motorcyles,11/25/2022
8271366,76078,Vintage Cars,11/25/2022
9712262,76132,Vintage Cars,11/25/2022
9857245,76182,Motorcyles,11/25/2022
9894237,76235,Motorcyles,11/25/2022
11362892,76287,Classic Cars,11/25/2022
12242690,76344,Classic Cars,11/25/2022
14999690,76403,Motorcyles,11/25/2022
16519635,76463,Vintage Cars,11/25/2022
16701835,76514,Classic Cars,11/25/2022
17451897,76570,Vintage Cars,11/25/2022
19201964,76626,Classic Cars,11/25/2022
19212593,76681,Classic Cars,11/25/2022
19258961,76732,Vintage Cars,11/25/2022
19423548,76790,Motorcyles,11/25/2022
4172841,76841,Motorcyles,11/26/2022
4682086,76893,Classic Cars,11/26/2022
5041424,76950,Vintage Cars,11/26/2022
5260888,77001,Motorcyles,11/26/2022
5401738,77059,Classic Cars,11/26/2022
5403666,77109,Vintage Cars,11/26/2022
7223895,77159,Classic Cars,11/26/2022
7346653,77211,Classic Cars,11/26/2022
7882536,77264,Classic Cars,11/26/2022
8551019,77323,Vintage Cars,11/26/2022
10425353,77375,Vintage Cars,11/26/2022
11913252,77426,Motorcyles,11/26/2022
16231145,77478,Classic Cars,11/26/2022
17705121,77533,Motorcyles,11/26/2022
89807122,77589,Vintage Cars,11/26/2022
1280428,77639,Classic Cars,11/27/2022
1614748,77693,Classic Cars,11/27/2022
4118766,77745,Classic Cars,11/27/2022
4409296,77798,Classic Cars,11/27/2022
4793443,77851,Vintage Cars,11/27/2022
5165834,77902,Classic Cars,11/27/2022
5211631,77955,Classic Cars,11/27/2022
5427696,78005,Motorcyles,11/27/2022
6047876,78055,Classic Cars,11/27/2022
6452716,78106,Vintage Cars,11/27/2022
6772293,78163,Motorcyles,11/27/2022
8504547,78216,Classic Cars,11/27/2022
9621509,78267,Vintage Cars,11/27/2022
14276452,78318,Motorcyles,11/27/2022
18790441,78376,Vintage Cars,11/27/2022
18892365,78436,Classic Cars,11/27/2022
84614150,78488,Vintage Cars,11/27/2022
87180284,78545,Motorcyles,11/27/2022
2018062,78598,Classic Cars,11/28/2022
2036106,78652,Classic Cars,11/28/2022
4450365,78704,Vintage Cars,11/28/2022
5192425,78761,Motorcyles,11/28/2022
9454939,78818,Motorcyles,11/28/2022
10680928,78869,Motorcyles,11/28/2022
13300408,78919,Classic Cars,11/28/2022
15304115,78972,Vintage Cars,11/28/2022
16847138,79032,Classic Cars,11/28/2022
68160736,79092,Motorcyles,11/28/2022
1997603,79152,Motorcyles,11/29/2022
3579300,79212,Vintage Cars,11/29/2022
3662524,79272,Vintage Cars,11/29/2022
4311517,79323,Vintage Cars,11/29/2022
5109968,79383,Classic Cars,11/29/2022
5303048,79439,Classic Cars,11/29/2022
6515829,79497,Motorcyles,11/29/2022
6635378,79554,Motorcyles,11/29/2022
8065741,79607,Motorcyles,11/29/2022
9134561,79663,Vintage Cars,11/29/2022
10328451,79717,Motorcyles,11/29/2022
11807113,79772,Vintage Cars,11/29/2022
13091854,79830,Motorcyles,11/29/2022
13896663,79883,Motorcyles,11/29/2022
15668464,79941,Motorcyles,11/29/2022
18359749,79992,Classic Cars,11/29/2022
19856770,80050,Motorcyles,11/29/2022
82487137,80101,Vintage Cars,11/29/2022
86410434,80157,Classic Cars,11/29/2022
89531831,80213,Classic Cars,11/29/2022
667015,80264,Vintage Cars,11/30/2022
1291668,80321,Vintage Cars,11/30/2022
4527556,80379,Motorcyles,11/30/2022
4974469,80429,Motorcyles,11/30/2022
5029320,80485,Motorcyles,11/30/2022
5034998,80541,Vintage Cars,11/30/2022
5352169,80600,Motorcyles,11/30/2022
5828368,80658,Classic Cars,11/30/2022
6854201,80711,Motorcyles,11/30/2022
8148314,80770,Motorcyles,11/30/2022
9576232,80826,Vintage Cars,11/30/2022
10645993,80878,Vintage Cars,11/30/2022
12554257,80936,Motorcyles,11/30/2022
14628411,80996,Vintage Cars,11/30/2022
17092843,81054,Vintage Cars,11/30/2022
64147405,81113,Motorcyles,11/30/2022
1824237,81169,Motorcyles,12/1/2022
2415108,81221,Motorcyles,12/1/2022
4197629,81278,Classic Cars,12/1/2022
5047838,81334,Classic Cars,12/1/2022
5079130,81392,Vintage Cars,12/1/2022
5101864,81446,Vintage Cars,12/1/2022
5249624,81496,Motorcyles,12/1/2022
5379324,81551,Classic Cars,12/1/2022
7732207,81606,Vintage Cars,12/1/2022
8320280,81658,Classic Cars,12/1/2022
11540012,81715,Vintage Cars,12/1/2022
12924876,81771,Vintage Cars,12/1/2022
13920428,81829,Classic Cars,12/1/2022
16221505,81887,Classic Cars,12/1/2022
17052175,81941,Classic Cars,12/1/2022
17259000,81994,Classic Cars,12/1/2022
17566284,82045,Vintage Cars,12/1/2022
18331809,82097,Vintage Cars,12/1/2022
19497058,82152,Classic Cars,12/1/2022
19601659,82206,Classic Cars,12/1/2022
61776434,82258,Motorcyles,12/1/2022
69278698,82317,Motorcyles,12/1/2022
89562647,82374,Motorcyles,12/1/2022
4485683,82434,Motorcyles,12/2/2022
4953449,82492,Classic Cars,12/2/2022
5049800,82552,Vintage Cars,12/2/2022
5102584,82602,Classic Cars,12/2/2022
5105124,82655,Vintage Cars,12/2/2022
5139867,82710,Vintage Cars,12/2/2022
5438861,82761,Classic Cars,12/2/2022
6317230,82812,Vintage Cars,12/2/2022
9274266,82870,Classic Cars,12/2/2022
9904435,82927,Classic Cars,12/2/2022
10794421,82977,Vintage Cars,12/2/2022
11054768,83028,Motorcyles,12/2/2022
16139548,83082,Vintage Cars,12/2/2022
64690668,83136,Motorcyles,12/2/2022
5027498,83186,Classic Cars,12/3/2022
5061979,83241,Motorcyles,12/3/2022
5175635,83292,Classic Cars,12/3/2022
14474329,83348,Classic Cars,12/3/2022
14541251,83400,Motorcyles,12/3/2022
14995552,83458,Vintage Cars,12/3/2022
16706485,83511,Vintage Cars,12/3/2022
18025339,83571,Classic Cars,12/3/2022
18438677,83625,Classic Cars,12/3/2022
68280495,83675,Classic Cars,12/3/2022
2255629,83725,Vintage Cars,12/4/2022
2356587,83784,Classic Cars,12/4/2022
2536590,83835,Classic Cars,12/4/2022
5069404,83890,Motorcyles,12/4/2022
5239719,83950,Motorcyles,12/4/2022
7022544,84007,Vintage Cars,12/4/2022
8858870,84058,Classic Cars,12/4/2022
8912483,84115,Motorcyles,12/4/2022
9992579,84168,Classic Cars,12/4/2022
10963957,84220,Motorcyles,12/4/2022
11460817,84279,Classic Cars,12/4/2022
12329443,84337,Classic Cars,12/4/2022
13961953,84396,Vintage Cars,12/4/2022
17129636,84449,Motorcyles,12/4/2022
19227290,84502,Vintage Cars,12/4/2022
683471,84553,Classic Cars,12/5/2022
2098869,84613,Vintage Cars,12/5/2022
2306950,84669,Classic Cars,12/5/2022
3499115,84725,Motorcyles,12/5/2022
4060920,84777,Motorcyles,12/5/2022
4545567,84834,Classic Cars,12/5/2022
5120624,84888,Motorcyles,12/5/2022
5281925,84939,Classic Cars,12/5/2022
5981210,84989,Classic Cars,12/5/2022
6276755,85046,Vintage Cars,12/5/2022
6737366,85099,Vintage Cars,12/5/2022
11783565,85149,Classic Cars,12/5/2022
12178625,85203,Classic Cars,12/5/2022
12541400,85257,Vintage Cars,12/5/2022
13119590,85313,Motorcyles,12/5/2022
13532941,85368,Classic Cars,12/5/2022
14502259,85421,Vintage Cars,12/5/2022
15498863,85472,Vintage Cars,12/5/2022
15899649,85522,Vintage Cars,12/5/2022
17242131,85575,Motorcyles,12/5/2022
18405624,85635,Classic Cars,12/5/2022
19048854,85693,Classic Cars,12/5/2022
19434594,85747,Motorcyles,12/5/2022
816770,85806,Classic Cars,12/6/2022
5102720,85856,Classic Cars,12/6/2022
5172019,85907,Motorcyles,12/6/2022
11168880,85964,Vintage Cars,12/6/2022
12163207,86019,Vintage Cars,12/6/2022
14884490,86070,Classic Cars,12/6/2022
15013177,86125,Classic Cars,12/6/2022
17840987,86185,Vintage Cars,12/6/2022
18955721,86245,Motorcyles,12/6/2022
1762217,86299,Classic Cars,12/7/2022
2428823,86352,Vintage Cars,12/7/2022
2841833,86412,Vintage Cars,12/7/2022
3576586,86462,Vintage Cars,12/7/2022
3995001,86520,Vintage Cars,12/7/2022
4252948,86578,Vintage Cars,12/7/2022
4345973,86629,Classic Cars,12/7/2022
4700854,86683,Vintage Cars,12/7/2022
4926688,86737,Vintage Cars,12/7/2022
5133151,86797,Vintage Cars,12/7/2022
5438801,86851,Motorcyles,12/7/2022
5493730,86907,Vintage Cars,12/7/2022
6920241,86963,Classic Cars,12/7/2022
8367209,87021,Classic Cars,12/7/2022
8376232,87071,Motorcyles,12/7/2022
10870609,87129,Classic Cars,12/7/2022
12139055,87188,Classic Cars,12/7/2022
82002806,87243,Motorcyles,12/7/2022
88489332,87295,Motorcyles,12/7/2022
563780,87346,Vintage Cars,12/8/2022
2695363,87399,Motorcyles,12/8/2022
4621848,87457,Vintage Cars,12/8/2022
5191844,87517,Motorcyles,12/8/2022
5199963,87576,Motorcyles,12/8/2022
5248602,87627,Vintage Cars,12/8/2022
5333523,87686,Classic Cars,12/8/2022
5343468,87741,Motorcyles,12/8/2022
5461709,87798,Motorcyles,12/8/2022
5496997,87848,Classic Cars,12/8/2022
5755210,87899,Classic Cars,12/8/2022
6349225,87951,Vintage Cars,12/8/2022
9998715,88004,Motorcyles,12/8/2022
15577871,88054,Vintage Cars,12/8/2022
16094670,88104,Motorcyles,12/8/2022
18003763,88155,Classic Cars,12/8/2022
912490,88209,Motorcyles,12/9/2022
1812247,88259,Vintage Cars,12/9/2022
3264633,88312,Classic Cars,12/9/2022
4947430,88371,Classic Cars,12/9/2022
5147933,88425,Motorcyles,12/9/2022
5197201,88484,Classic Cars,12/9/2022
7009445,88535,Vintage Cars,12/9/2022
9080384,88592,Classic Cars,12/9/2022
10592315,88652,Classic Cars,12/9/2022
11281683,88709,Motorcyles,12/9/2022
13044770,88765,Vintage Cars,12/9/2022
14185676,88823,Motorcyles,12/9/2022
16208482,88878,Vintage Cars,12/9/2022
16381386,88931,Vintage Cars,12/9/2022
18145250,88990,Motorcyles,12/9/2022
18384908,89050,Vintage Cars,12/9/2022
18903210,89102,Classic Cars,12/9/2022
769638,89154,Motorcyles,12/10/2022
4679990,89207,Vintage Cars,12/10/2022
4780036,89263,Vintage Cars,12/10/2022
5019950,89323,Vintage Cars,12/10/2022
5050809,89373,Classic Cars,12/10/2022
5210107,89429,Classic Cars,12/10/2022
5313524,89485,Vintage Cars,12/10/2022
5326743,89543,Motorcyles,12/10/2022
5336935,89598,Motorcyles,12/10/2022
8058659,89654,Motorcyles,12/10/2022
8955439,89712,Vintage Cars,12/10/2022
13350905,89768,Vintage Cars,12/10/2022
14073129,89822,Vintage Cars,12/10/2022
14293064,89881,Motorcyles,12/10/2022
14734175,89939,Motorcyles,12/10/2022
17213818,89999,Vintage Cars,12/10/2022
17433299,90049,Motorcyles,12/10/2022
18285309,90100,Vintage Cars,12/10/2022
85535063,90156,Classic Cars,12/10/2022
89805444,90215,Classic Cars,12/10/2022
1521600,90266,Vintage Cars,12/11/2022
3283177,90321,Classic Cars,12/11/2022
4617053,90372,Classic Cars,12/11/2022
4898823,90432,Classic Cars,12/11/2022
5211452,90489,Classic Cars,12/11/2022
5271988,90548,Motorcyles,12/11/2022
5336376,90607,Classic Cars,12/11/2022
5395820,90666,Classic Cars,12/11/2022
9790245,90723,Motorcyles,12/11/2022
11078135,90779,Vintage Cars,12/11/2022
11182140,90839,Classic Cars,12/11/2022
13642847,90899,Motorcyles,12/11/2022
14263399,90954,Motorcyles,12/11/2022
16878929,91009,Classic Cars,12/11/2022
2649750,91060,Vintage Cars,12/12/2022
4356447,91119,Vintage Cars,12/12/2022
4531633,91179,Classic Cars,12/12/2022
4589508,91232,Vintage Cars,12/12/2022
6274486,91287,Motorcyles,12/12/2022
7750199,91342,Vintage Cars,12/12/2022
10039635,91397,Classic Cars,12/12/2022
11064773,91453,Motorcyles,12/12/2022
17190069,91510,Motorcyles,12/12/2022
17800858,91563,Vintage Cars,12/12/2022
3150248,91621,Motorcyles,12/13/2022
4562772,91671,Motorcyles,12/13/2022
5080393,91727,Motorcyles,12/13/2022
5360414,91782,Vintage Cars,12/13/2022
5422813,91838,Vintage Cars,12/13/2022
6543416,91895,Vintage Cars,12/13/2022
6894290,91947,Motorcyles,12/13/2022
10848042,92005,Classic Cars,12/13/2022
10943275,92064,Vintage Cars,12/13/2022
11252484,92123,Vintage Cars,12/13/2022
12423492,92176,Motorcyles,12/13/2022
13055433,92233,Classic Cars,12/13/2022
14501279,92287,Classic Cars,12/13/2022
16910815,92338,Vintage Cars,12/13/2022
19292154,92389,Vintage Cars,12/13/2022
19376401,92440,Classic Cars,12/13/2022
80891140,92493,Vintage Cars,12/13/2022
824182,92548,Motorcyles,12/14/2022
2510074,92602,Vintage Cars,12/14/2022
3282743,92661,Vintage Cars,12/14/2022
3759777,92712,Vintage Cars,12/14/2022
4117371,92766,Vintage Cars,12/14/2022
4957640,92826,Vintage Cars,12/14/2022
5042681,92876,Motorcyles,12/14/2022
5124705,92928,Classic Cars,12/14/2022
5331807,92978,Classic Cars,12/14/2022
5409426,93032,Vintage Cars,12/14/2022
8007585,93087,Motorcyles,12/14/2022
8067928,93146,Vintage Cars,12/14/2022
9160035,93203,Motorcyles,12/14/2022
12474673,93258,Classic Cars,12/14/2022
13078536,93315,Vintage Cars,12/14/2022
14973577,93368,Vintage Cars,12/14/2022
15370149,93428,Vintage Cars,12/14/2022
16024677,93485,Vintage Cars,12/14/2022
16587582,93536,Vintage Cars,12/14/2022
18674200,93590,Motorcyles,12/14/2022
82344061,93644,Vintage Cars,12/14/2022
797869,93694,Motorcyles,12/15/2022
2146966,93747,Motorcyles,12/15/2022
2213481,93801,Classic Cars,12/15/2022
4307008,93852,Classic Cars,12/15/2022
4516685,93905,Vintage Cars,12/15/2022
4782108,93965,Motorcyles,12/15/2022
5071674,94025,Classic Cars,12/15/2022
5179427,94081,Classic Cars,12/15/2022
5211845,94141,Motorcyles,12/15/2022
5904040,94191,Vintage Cars,12/15/2022
10186612,94251,Motorcyles,12/15/2022
10491629,94302,Motorcyles,12/15/2022
10521063,94359,Motorcyles,12/15/2022
11186720,94419,Classic Cars,12/15/2022
15321228,94471,Motorcyles,12/15/2022
19402569,94522,Classic Cars,12/15/2022
19431141,94574,Vintage Cars,12/15/2022
19720409,94626,Vintage Cars,12/15/2022
63243455,94685,Vintage Cars,12/15/2022
68311478,94736,Vintage Cars,12/15/2022
1752053,94795,Vintage Cars,12/16/2022
2345630,94846,Vintage Cars,12/16/2022
2792223,94901,Vintage Cars,12/16/2022
2969849,94953,Vintage Cars,12/16/2022
5028830,95004,Vintage Cars,12/16/2022
5137710,95055,Classic Cars,12/16/2022
5288288,95107,Motorcyles,12/16/2022
5301697,95157,Classic Cars,12/16/2022
5372962,95215,Vintage Cars,12/16/2022
5849878,95272,Classic Cars,12/16/2022
6267044,95328,Vintage Cars,12/16/2022
6308540,95383,Motorcyles,12/16/2022
7582273,95437,Vintage Cars,12/16/2022
8001954,95491,Classic Cars,12/16/2022
9038219,95549,Classic Cars,12/16/2022
11860904,95600,Motorcyles,12/16/2022
12036255,95654,Motorcyles,12/16/2022
12919107,95704,Motorcyles,12/16/2022
13841350,95759,Vintage Cars,12/16/2022
15211797,95819,Vintage Cars,12/16/2022
16807905,95869,Vintage Cars,12/16/2022
16985602,95929,Motorcyles,12/16/2022
19036210,95980,Motorcyles,12/16/2022
19339651,96035,Motorcyles,12/16/2022
2345977,96085,Classic Cars,12/17/2022
2771062,96139,Classic Cars,12/17/2022
3352012,96196,Classic Cars,12/17/2022
3994436,96248,Motorcyles,12/17/2022
4034697,96298,Motorcyles,12/17/2022
5190806,96348,Classic Cars,12/17/2022
5209408,96406,Classic Cars,12/17/2022
5530721,96460,Classic Cars,12/17/2022
6491935,96511,Vintage Cars,12/17/2022
8242940,96571,Motorcyles,12/17/2022
8451716,96627,Motorcyles,12/17/2022
8943360,96679,Vintage Cars,12/17/2022
10671333,96738,Classic Cars,12/17/2022
12331014,96793,Classic Cars,12/17/2022
12939077,96849,Motorcyles,12/17/2022
14208550,96905,Motorcyles,12/17/2022
16736357,96958,Vintage Cars,12/17/2022
16934809,97009,Vintage Cars,12/17/2022
18986343,97060,Vintage Cars,12/17/2022
1358842,97117,Classic Cars,12/18/2022
5009489,97172,Motorcyles,12/18/2022
5058584,97231,Motorcyles,12/18/2022
5357606,97282,Vintage Cars,12/18/2022
6748088,97332,Classic Cars,12/18/2022
6789775,97390,Classic Cars,12/18/2022
7896549,97447,Vintage Cars,12/18/2022
8037785,97502,Classic Cars,12/18/2022
8838966,97559,Motorcyles,12/18/2022
9416797,97616,Motorcyles,12/18/2022
9641725,97666,Motorcyles,12/18/2022
12558620,97720,Motorcyles,12/18/2022
13505844,97773,Vintage Cars,12/18/2022
14195181,97832,Vintage Cars,12/18/2022
15973770,97883,Vintage Cars,12/18/2022
16404959,97939,Vintage Cars,12/18/2022
18490293,97993,Motorcyles,12/18/2022
19059318,98046,Classic Cars,12/18/2022
19964566,98101,Classic Cars,12/18/2022
80169974,98158,Motorcyles,12/18/2022
715999,98214,Motorcyles,12/19/2022
994898,98270,Motorcyles,12/19/2022
1875949,98324,Classic Cars,12/19/2022
4480173,98374,Classic Cars,12/19/2022
4620747,98424,Classic Cars,12/19/2022
5056351,98480,Motorcyles,12/19/2022
6135988,98536,Vintage Cars,12/19/2022
6467450,98594,Vintage Cars,12/19/2022
8081462,98654,Classic Cars,12/19/2022
9715778,98708,Motorcyles,12/19/2022
9817229,98761,Vintage Cars,12/19/2022
11134859,98813,Classic Cars,12/19/2022
12158071,98871,Vintage Cars,12/19/2022
15070668,98923,Classic Cars,12/19/2022
15393392,98976,Vintage Cars,12/19/2022
17611251,99026,Vintage Cars,12/19/2022
18475547,99079,Classic Cars,12/19/2022
19362247,99138,Vintage Cars,12/19/2022
65178092,99192,Motorcyles,12/19/2022
2008560,99251,Classic Cars,12/20/2022
4496108,99302,Motorcyles,12/20/2022
5076486,99356,Vintage Cars,12/20/2022
5271529,99409,Classic Cars,12/20/2022
8343215,99466,Motorcyles,12/20/2022
8583987,99526,Motorcyles,12/20/2022
9319468,99577,Motorcyles,12/20/2022
10797341,99633,Classic Cars,12/20/2022
11244089,99683,Motorcyles,12/20/2022
11715570,99735,Classic Cars,12/20/2022
15277360,99789,Motorcyles,12/20/2022
18806585,99848,Classic Cars,12/20/2022
19029222,99905,Motorcyles,12/20/2022
87249700,99960,Classic Cars,12/20/2022
